id,first_name,last_name,email,cc_type,cc_number
1,Jaquenetta,Gloy,jgloy0@fda.gov,jcb,3555265997756558
2,Leonora,Worshall,lworshall1@adobe.com,maestro,6762954734607544201
3,Jodie,Palethorpe,jpalethorpe2@blog.com,americanexpress,337941208021427
4,Alaric,Aikenhead,aaikenhead3@flavors.me,mastercard,5598742289316170
5,Enid,Haglington,ehaglington4@ezinearticles.com,china-unionpay,5602232729995800473
6,Hollie,Leyland,hleyland5@feedburner.com,visa,4017953301242809
7,Jesse,Faldoe,jfaldoe6@google.fr,jcb,3589210822530612
8,Doyle,Pyzer,dpyzer7@yelp.com,americanexpress,374622062704951
9,Maressa,Gudd,mgudd8@moonfruit.com,jcb,3560647714107491
10,Skipp,Frowd,sfrowd9@example.com,china-unionpay,56022301135020038
11,Cordelia,Jullian,cjulliana@omniture.com,maestro,676384799644657850
12,Della,Grimsey,dgrimseyb@ebay.com,jcb,3555494018189520
13,Powell,Ricarde,pricardec@vimeo.com,jcb,3574301038005858
14,Hamlin,Eliot,heliotd@geocities.jp,jcb,3544178704337774
15,Ronnie,Ferrao,rferraoe@unc.edu,china-unionpay,5602238252218130168
16,Jerry,Joselovitch,jjoselovitchf@purevolume.com,diners-club-enroute,201545195728481
17,Zacharie,Warlow,zwarlowg@imgur.com,jcb,3541395360589083
18,Nickolas,Shepheard,nshepheardh@fda.gov,jcb,3531138250754439
19,Joceline,Sleney,jsleneyi@state.gov,china-unionpay,5602212833074414
20,Aguste,Trusty,atrustyj@tiny.cc,visa-electron,4844320177344136
21,Georgianna,Pourvoieur,gpourvoieurk@squidoo.com,china-unionpay,56022488353948055
22,Hoyt,Bushell,hbushelll@comsenz.com,jcb,3554782758400334
23,Lockwood,Swinden,lswindenm@dedecms.com,mastercard,5010129300816398
24,Kiley,Aylwin,kaylwinn@flickr.com,jcb,3556134546900019
25,Tarrance,Baudon,tbaudono@accuweather.com,jcb,3552336770184830
26,Desmond,Lunge,dlungep@phpbb.com,china-unionpay,56022310434883079
27,Rhys,Arnaudi,rarnaudiq@mac.com,jcb,3560675972130178
28,Darryl,Dunhill,ddunhillr@trellian.com,china-unionpay,5610799747140752
29,Karil,Barmadier,kbarmadiers@themeforest.net,bankcard,5602211506598378
30,Upton,Titcombe,utitcombet@nytimes.com,jcb,3559256151279996
31,Micheal,Sherrett,msherrettu@domainmarket.com,laser,6771122091354015
32,Marga,Yea,myeav@hhs.gov,switch,4936697273167712
33,Aubrey,Horsefield,ahorsefieldw@go.com,diners-club-enroute,201625710018459
34,Vita,Meuse,vmeusex@phoca.cz,switch,6331109939479339
35,Evelin,Heaney,eheaneyy@webeden.co.uk,jcb,3555116209776134
36,Mathew,Smaling,msmalingz@odnoklassniki.ru,jcb,3583589885960600
37,Jeffy,Duggen,jduggen10@youku.com,jcb,3539899638321975
38,Josee,Minton,jminton11@imageshack.us,diners-club-international,36497209464110
39,Jackie,Atcheson,jatcheson12@china.com.cn,laser,67095507309420700
40,Merrick,Mullaly,mmullaly13@booking.com,switch,490319097412934528
41,Noel,Lamprey,nlamprey14@yale.edu,jcb,3556784386778105
42,Melanie,Liven,mliven15@parallels.com,jcb,3559902211294513
43,Angeline,Kubicka,akubicka16@about.com,diners-club-carte-blanche,30349682296236
44,Vic,Harriskine,vharriskine17@photobucket.com,jcb,3533685211590151
45,Guenna,Renbold,grenbold18@answers.com,switch,493621870956158622
46,Elva,Rumens,erumens19@unicef.org,jcb,3550193318144178
47,Berton,Cooksey,bcooksey1a@bbb.org,jcb,3573282896546848
48,Mildrid,June,mjune1b@mail.ru,diners-club-enroute,201775269860551
49,Darby,Philpault,dphilpault1c@gmpg.org,visa-electron,4913621054336830
50,Drucy,Arundel,darundel1d@independent.co.uk,jcb,3533153324058210
51,Amelita,Ransome,aransome1e@dyndns.org,china-unionpay,5602230647782325532
52,Vanna,Heinel,vheinel1f@kickstarter.com,maestro,67634228205170897
53,Leeland,Renouf,lrenouf1g@vimeo.com,jcb,3528312142559018
54,Karlotte,Scroxton,kscroxton1h@mysql.com,maestro,060499453509275601
55,Bondy,Challenor,bchallenor1i@odnoklassniki.ru,jcb,3585389750405056
56,Dilan,Learmonth,dlearmonth1j@lycos.com,jcb,3554785875301889
57,Neale,Henze,nhenze1k@springer.com,jcb,3585974909856570
58,Monro,Speare,mspeare1l@bandcamp.com,jcb,3548535167985306
59,Kahlil,Anderbrugge,kanderbrugge1m@blogs.com,mastercard,5048371882633959
60,Rora,Hatfull,rhatfull1n@nature.com,china-unionpay,56022597241057232
61,Hermine,Sawley,hsawley1o@icq.com,jcb,3558509746649300
62,Theodoric,Mc Menamin,tmcmenamin1p@abc.net.au,jcb,3550019618194854
63,Wayland,Backshall,wbackshall1q@engadget.com,diners-club-carte-blanche,30172904591717
64,Chic,Bettington,cbettington1r@w3.org,jcb,3552857963825343
65,Allyson,Strippling,astrippling1s@seesaa.net,americanexpress,372301600851549
66,Marnia,Willisch,mwillisch1t@ibm.com,jcb,3577836552732426
67,Demetria,Chewter,dchewter1u@dagondesign.com,maestro,5038630704676104
68,Lilli,Ivankov,livankov1v@upenn.edu,jcb,3553807697803222
69,Tybie,Hurren,thurren1w@live.com,mastercard,5048378830428218
70,Evan,Dagnall,edagnall1x@aol.com,americanexpress,374288506927416
71,Marielle,Nester,mnester1y@adobe.com,bankcard,5610156217855445
72,Ondrea,Grossier,ogrossier1z@ox.ac.uk,switch,4903825749566287
73,Daryl,Clemanceau,dclemanceau20@salon.com,switch,6331101174705123606
74,Donall,Freyne,dfreyne21@noaa.gov,jcb,3558060216622666
75,Zilvia,Jerosch,zjerosch22@hhs.gov,jcb,3538435289754783
76,Cathrine,Burle,cburle23@bloomberg.com,jcb,3585293141447704
77,Lura,Gumb,lgumb24@seesaa.net,mastercard,5108751821802541
78,Aaren,Tozer,atozer25@dagondesign.com,bankcard,5602243255671205
79,Kass,Kigelman,kkigelman26@uiuc.edu,bankcard,5602238619945907
80,Valera,Litzmann,vlitzmann27@de.vu,mastercard,5351444608434167
81,Jordain,Smythin,jsmythin28@123-reg.co.uk,diners-club-enroute,201817568332419
82,Melinde,Merriton,mmerriton29@nymag.com,jcb,3538399125039587
83,Saul,Quickenden,squickenden2a@accuweather.com,mastercard,5328871406141216
84,Boone,Gavin,bgavin2b@boston.com,maestro,502071339161327276
85,Erik,Kyte,ekyte2c@samsung.com,jcb,3587484481379163
86,Iggy,Habbeshaw,ihabbeshaw2d@techcrunch.com,jcb,3546941516743242
87,Henry,Kelberer,hkelberer2e@berkeley.edu,china-unionpay,560224186262446925
88,Storm,Shasnan,sshasnan2f@examiner.com,jcb,3545188713483344
89,Garrett,Voas,gvoas2g@4shared.com,switch,633355990505654047
90,Karel,Juniper,kjuniper2h@un.org,jcb,3542445335654683
91,Tonye,Turfrey,tturfrey2i@dropbox.com,china-unionpay,560222409769691781
92,Rosene,Loosmore,rloosmore2j@ask.com,jcb,3552176456121288
93,Saul,Varley,svarley2k@canalblog.com,china-unionpay,5602232008590812
94,Juieta,Brocklehurst,jbrocklehurst2l@unc.edu,jcb,3585886574943204
95,Gabriella,Koche,gkoche2m@answers.com,china-unionpay,560225604215477986
96,Zsazsa,Jorger,zjorger2n@rakuten.co.jp,maestro,50205159827985393
97,Lettie,Jago,ljago2o@pagesperso-orange.fr,bankcard,5610934813313831
98,Humphrey,Ecles,hecles2p@myspace.com,jcb,3546035174186107
99,Debbie,Oxtarby,doxtarby2q@cloudflare.com,diners-club-carte-blanche,30150061911001
100,Agnesse,Lestor,alestor2r@utexas.edu,jcb,3561409354015313
